{"global": 0.7808209991455078, "char_d": 0.8529412078857422, "char_f": 0.7884615325927734, "char_g": 0.8668555450439454, "char_h": 0.8654781341552734, "char_i": 0.7583731842041016, "char_k": 0.8356807708740235, "char_l": 0.6907000732421875, "char_m": 0.7950191497802734, "char_n": 0.8470658111572266, "char_o": 0.8795315551757813, "char_p": 0.8508772277832031, "char_r": 0.8764861297607421, "char_s": 0.8920812225341797, "char_t": 0.8909521484375, "char_u": 0.8478543853759766, "char_v": 0.7896995544433594, "char_w": 0.8355704498291016, "char_x": 0.6862745666503907, "char_y": 0.87918212890625, "char_'": 0.5, "char_(": 0.7130434417724609, "char_)": 0.6666666412353516, "char_,": 0.5758754730224609, "char_-": 0.4520547866821289, "char_.": 0.4953270721435547, "char_0": 0.7857142639160156, "char_1": 0.7386363983154297, "char_2": 0.6666666412353516, "char_3": 0.7043477630615235, "char_4": 0.7704917907714843, "char_5": 0.8214286041259765, "char_6": 0.8125, "char_7": 0.5535714721679688, "char_9": 0.863013687133789, "char_:": 0.7454910278320312, "char_>": 0.6, "char_A": 0.8207171630859375, "char_B": 0.8019802093505859, "char_C": 0.7760000610351563, "char_D": 0.8116883087158203, "char_E": 0.7717391204833984, "char_F": 0.727272720336914, "char_G": 0.779527587890625, "char_H": 0.78125, "char_I": 0.6210526657104493, "char_J": 0.7192982482910156, "char_L": 0.537634391784668, "char_M": 0.7358490753173829, "char_N": 0.8064515686035156, "char_O": 0.8227848052978516, "char_P": 0.8351648712158203, "char_R": 0.8915662384033203, "char_S": 0.8730158233642578, "char_T": 0.5632911682128906, "char_W": 0.6986301422119141, "char_a": 0.8732125854492188, "char_b": 0.8857142639160156, "char_c": 0.7775735473632812}